{
    "model_name": "Version 3 - Advanced with Regularization",
    "train_losses": [
        1.076303693502309,
        0.7345452040600378,
        0.6690677530938687,
        0.5898042614233561,
        0.5518269728681895,
        0.4786441053092147,
        0.44471228405749996,
        0.4201816069846713,
        0.39071914154058063,
        0.3821751670963937,
        0.3486274521194357,
        0.3164001379432625,
        0.3118033496943932,
        0.30524050781513723,
        0.303267937465753
    ],
    "train_accuracies": [
        52.030812324929975,
        70.51820728291317,
        74.07212885154061,
        76.83823529411765,
        78.62394957983193,
        82.45798319327731,
        83.43837535014005,
        84.50630252100841,
        85.66176470588235,
        85.97689075630252,
        87.062324929972,
        88.37535014005603,
        88.42787114845939,
        88.63795518207283,
        88.70798319327731
    ],
    "test_losses": [
        0.7634827509158995,
        0.7136290648543253,
        0.6045183008763848,
        0.512547578798925,
        0.5583722168443407,
        0.45913520423559157,
        0.4423244532833739,
        0.3693204293618115,
        0.42032726279391747,
        0.33478061018920524,
        0.31760233922339065,
        0.34833094936500236,
        0.29979322475903647,
        0.34392198804402496,
        0.2792017785605134
    ],
    "test_accuracies": [
        70.86193745232647,
        69.71777269260107,
        76.12509534706331,
        78.33714721586576,
        74.75209763539283,
        80.01525553012968,
        80.85430968726163,
        83.9816933638444,
        81.23569794050343,
        86.42257818459191,
        86.2700228832952,
        85.81235697940504,
        88.1769641495042,
        86.19374523264683,
        89.01601830663616
    ],
    "learning_rates": [
        0.001,
        0.001,
        0.001,
        0.001,
        0.001,
        0.0005,
        0.0005,
        0.0005,
        0.0005,
        0.0005,
        0.00025,
        0.00025,
        0.00025,
        0.00025,
        0.00025
    ],
    "final_train_acc": 88.70798319327731,
    "final_test_acc": 89.01601830663616,
    "overfitting_gap": -0.3080351133588408,
    "best_test_acc": 89.01601830663616,
    "best_epoch": 15,
    "epochs": 15
}