{
    "model_name": "Version 3 - Advanced with Regularization",
    "train_losses": [
        1.085033840640297,
        0.8042155738982408,
        0.6990158216580332,
        0.6357580996092471,
        0.5772357950996421,
        0.5152166888700517,
        0.46866862117911184,
        0.4445028832837856,
        0.4117619537607918,
        0.3984910472811267,
        0.3691375976917464,
        0.35168654800460325,
        0.3498746478024808,
        0.34018583250278867,
        0.32720702828308723
    ],
    "train_accuracies": [
        52.41596638655462,
        66.68417366946778,
        72.28641456582633,
        74.96498599439776,
        77.34593837535014,
        80.07703081232494,
        82.3529411764706,
        83.31582633053222,
        84.61134453781513,
        85.20658263305322,
        86.36204481792717,
        86.95728291316527,
        87.20238095238095,
        87.09733893557423,
        87.99019607843137
    ],
    "test_losses": [
        0.90091653113685,
        0.7145253151382615,
        0.603456231015848,
        0.5347449097146348,
        0.5267949734428307,
        0.450253455059194,
        0.4340155334552614,
        0.37821169915359193,
        0.40974629311481625,
        0.348441701927563,
        0.33597192366993645,
        0.31978137961520653,
        0.33644831739366055,
        0.3057679880024275,
        0.30298279923182436
    ],
    "test_accuracies": [
        64.98855835240275,
        71.70099160945843,
        74.75209763539283,
        78.26086956521739,
        77.80320366132723,
        79.86270022883295,
        80.77803203661327,
        84.21052631578948,
        82.0747520976354,
        84.28680396643783,
        84.82074752097635,
        85.43096872616323,
        85.73607932875667,
        86.2700228832952,
        87.71929824561404
    ],
    "learning_rates": [
        0.001,
        0.001,
        0.001,
        0.001,
        0.001,
        0.0005,
        0.0005,
        0.0005,
        0.0005,
        0.0005,
        0.00025,
        0.00025,
        0.00025,
        0.00025,
        0.00025
    ],
    "final_train_acc": 87.99019607843137,
    "final_test_acc": 87.71929824561404,
    "overfitting_gap": 0.27089783281732593,
    "best_test_acc": 87.71929824561404,
    "best_epoch": 15,
    "epochs": 15
}