{
    "model_name": "Version 1 - Baseline",
    "train_losses": [
        0.7237470505457351,
        0.3709659737498401,
        0.272067145428844,
        0.18980201816592138,
        0.1411976250481672,
        0.09153357511854537,
        0.06231595540169481,
        0.04028658544145233,
        0.035661536155726405,
        0.02911641951988571
    ],
    "train_accuracies": [
        72.14635854341736,
        86.16946778711484,
        89.77591036414566,
        92.76960784313725,
        94.94047619047619,
        97.04131652661064,
        98.10924369747899,
        98.98459383753502,
        99.03711484593838,
        99.3172268907563
    ],
    "test_losses": [
        0.5106602529200112,
        0.44188194983161805,
        0.3226716055012331,
        0.23747165429990785,
        0.2383416931282604,
        0.1942535703050586,
        0.19448062135584557,
        0.18980841680781962,
        0.1783234729373362,
        0.33640427973187714
    ],
    "test_accuracies": [
        78.56598016781084,
        82.0747520976354,
        87.79557589626239,
        91.68573607932876,
        91.68573607932876,
        94.12662090007628,
        93.97406559877956,
        94.73684210526316,
        95.27078565980167,
        90.92295957284516
    ],
    "final_train_acc": 99.3172268907563,
    "final_test_acc": 90.92295957284516,
    "overfitting_gap": 8.394267317911144,
    "epochs": 10
}