{
    "model_name": "Version 1 - Baseline",
    "train_losses": [
        0.6351007671829042,
        0.3589785790393472,
        0.2174332985165399,
        0.16335436649745402,
        0.1083917394904784,
        0.06406185390719073,
        0.049784606915778955,
        0.06293712313906108,
        0.0345029568887581,
        0.01232209898415672
    ],
    "train_accuracies": [
        75.47268907563026,
        87.0798319327731,
        91.91176470588235,
        94.11764705882354,
        96.1484593837535,
        97.93417366946778,
        98.4593837535014,
        98.16176470588235,
        99.01960784313725,
        99.80742296918767
    ],
    "test_losses": [
        0.4889512477533483,
        0.34822881710147713,
        0.3434026022981171,
        0.21099963351493564,
        0.19016258458311602,
        0.1936268672299509,
        0.22309695034026644,
        0.1561889101477147,
        0.2136749755022831,
        0.18555054295797074
    ],
    "test_accuracies": [
        81.38825324180016,
        86.65141113653699,
        86.88024408848207,
        93.59267734553775,
        93.97406559877956,
        94.20289855072464,
        93.36384439359267,
        95.11823035850496,
        94.88939740655988,
        95.0419527078566
    ],
    "final_train_acc": 99.80742296918767,
    "final_test_acc": 95.0419527078566,
    "overfitting_gap": 4.765470261331075,
    "epochs": 10
}