{
    "model_name": "Version 1 - Baseline",
    "methodology": "Proper train/val/test split - test evaluated once",
    "train_losses": [
        0.7869500232566344,
        0.4198013596040638,
        0.28763493817103536,
        0.2261092873584283,
        0.1535879850975777,
        0.11646736459806561,
        0.08667813770865139,
        0.05705715202738678,
        0.06973437591161775,
        0.03853548758381389
    ],
    "train_accuracies": [
        69.98970133882595,
        84.73738414006179,
        89.53656024716787,
        91.67868177136972,
        94.70648815653965,
        96.27188465499485,
        97.01338825952627,
        98.24922760041194,
        97.79608650875386,
        98.90834191555098
    ],
    "val_losses": [
        0.4355428362334216,
        0.37139512929651475,
        0.3040274399574156,
        0.30189106254665937,
        0.270733788471531,
        0.3519240167957765,
        0.32910729972300706,
        0.24337769285948188,
        0.3449664855444873,
        0.30889857850140995
    ],
    "val_accuracies": [
        84.71411901983664,
        85.76429404900817,
        88.3313885647608,
        89.03150525087514,
        91.2485414235706,
        88.3313885647608,
        90.08168028004667,
        92.18203033838974,
        91.13185530921821,
        92.53208868144691
    ],
    "best_val_acc": 92.53208868144691,
    "final_test_acc": 92.372234935164,
    "test_loss": 0.33355825691577173,
    "train_val_gap": 6.37625323410407,
    "val_test_gap": 0.15985374628290572,
    "epochs": 10
}