{
    "model_name": "Version 2 - Improved Model",
    "train_losses": [
        0.7943367152240689,
        0.46783027236022096,
        0.3388067661217471,
        0.26475001796663805,
        0.22132520696054625,
        0.15388125679637799,
        0.132466542544936,
        0.10379193146718281,
        0.08284761729343228,
        0.08129657093206598
    ],
    "train_accuracies": [
        68.25980392156863,
        82.68557422969188,
        87.78011204481793,
        90.31862745098039,
        92.05182072829132,
        94.50280112044818,
        95.34313725490196,
        96.63865546218487,
        97.11134453781513,
        97.25140056022408
    ],
    "test_losses": [
        0.6942348710102278,
        0.3973152306067144,
        0.3726095029311936,
        0.2658625881289836,
        0.1727267198957412,
        0.21783927149989746,
        0.14002809417717976,
        0.11367907830536729,
        0.10688472919195546,
        0.14009690984321202
    ],
    "test_accuracies": [
        69.64149504195271,
        82.76125095347064,
        84.21052631578948,
        88.40579710144928,
        93.97406559877956,
        92.14340198321892,
        94.88939740655988,
        96.41495041952707,
        96.49122807017544,
        96.10983981693364
    ],
    "final_train_acc": 97.25140056022408,
    "final_test_acc": 96.10983981693364,
    "overfitting_gap": 1.1415607432904409,
    "epochs": 10
}