{
    "model_name": "Version 2 - Improved Model",
    "train_losses": [
        0.8062339033827436,
        0.4647662622968578,
        0.3605130025544646,
        0.26450445582080817,
        0.21301347100534918,
        0.17841575493484568,
        0.14934694325790726,
        0.12266993607971921,
        0.09849050570820464,
        0.09058740915855466
    ],
    "train_accuracies": [
        66.29901960784314,
        82.93067226890756,
        86.76470588235294,
        90.42366946778712,
        92.36694677871148,
        93.8375350140056,
        95.23809523809524,
        95.69327731092437,
        96.56862745098039,
        96.9187675070028
    ],
    "test_losses": [
        0.5739799841965844,
        0.41168505244138764,
        0.34778466034771466,
        0.28502934285235115,
        0.21981062345269203,
        0.2074084801247298,
        0.18969607526413734,
        0.17282801921509217,
        0.16495338144354385,
        0.1285743440636973
    ],
    "test_accuracies": [
        76.65903890160183,
        84.13424866514111,
        84.66819221967964,
        88.1769641495042,
        91.99084668192219,
        92.06712433257056,
        93.13501144164759,
        94.27917620137299,
        95.11823035850496,
        95.72845156369183
    ],
    "final_train_acc": 96.9187675070028,
    "final_test_acc": 95.72845156369183,
    "overfitting_gap": 1.1903159433109636,
    "epochs": 10
}