{
    "model_name": "Version 2 - Improved Model",
    "methodology": "Proper train/val/test split - test evaluated once",
    "train_losses": [
        0.8618172115009082,
        0.5361612361708754,
        0.4094978370948842,
        0.3236352516534297,
        0.2659306592357002,
        0.20220292264007425,
        0.14942264548306794,
        0.13640194962193308,
        0.11141036745577462,
        0.08685511250606444
    ],
    "train_accuracies": [
        63.68692070030896,
        80.12358393408857,
        84.53141091658084,
        88.54788877445932,
        90.17507723995881,
        92.68795056642637,
        94.66529351184346,
        95.53038105046343,
        96.35427394438723,
        97.07518022657055
    ],
    "val_losses": [
        0.4910604147999375,
        0.3766118707480254,
        0.2952461043993632,
        0.24494810650746027,
        0.20337612292280904,
        0.20094294090651804,
        0.1580370537057105,
        0.16048839947001803,
        0.15725822474040022,
        0.1504842508584261
    ],
    "val_accuracies": [
        83.19719953325554,
        85.64760793465578,
        89.38156359393233,
        90.19836639439907,
        91.71528588098016,
        92.99883313885648,
        95.5659276546091,
        94.74912485414235,
        94.86581096849476,
        95.44924154025671
    ],
    "best_val_acc": 95.5659276546091,
    "final_test_acc": 95.4233409610984,
    "test_loss": 0.13981808008496202,
    "train_val_gap": 1.5092525719614542,
    "val_test_gap": 0.14258669351069386,
    "epochs": 10
}