{
    "model_name": "Version 2 - Improved Model",
    "methodology": "Proper train/val/test split - test evaluated once",
    "train_losses": [
        0.8299687538099917,
        0.48670723534336213,
        0.3588319224746604,
        0.28576094828742116,
        0.23294332792590322,
        0.16826942506687423,
        0.15814715817472652,
        0.1106374954198193,
        0.09090886446708617,
        0.09359513357508388
    ],
    "train_accuracies": [
        65.70545829042224,
        82.53347064881565,
        87.29145211122554,
        90.05149330587024,
        91.63748712667353,
        93.63542739443872,
        94.5005149330587,
        96.18949536560247,
        96.64263645726055,
        96.519052523172
    ],
    "val_losses": [
        0.4171401427851783,
        0.3307511064189452,
        0.2730136886239052,
        0.2165918645483476,
        0.1947976465302485,
        0.18776373206465333,
        0.1555554056885066,
        0.1667260063674163,
        0.18758962723357533,
        0.18011506236399766
    ],
    "val_accuracies": [
        85.2975495915986,
        88.2147024504084,
        89.7316219369895,
        91.36522753792299,
        92.53208868144691,
        93.34889148191365,
        94.28238039673279,
        94.51575262543757,
        94.74912485414235,
        94.86581096849476
    ],
    "best_val_acc": 94.86581096849476,
    "final_test_acc": 94.96567505720824,
    "test_loss": 0.1908712427592524,
    "train_val_gap": 1.653241554677237,
    "val_test_gap": -0.09986408871348829,
    "epochs": 10
}