{
    "model_name": "Version 4 - Optimized (Balanced Regularization)",
    "methodology": "Proper train/val/test split - test evaluated once",
    "train_losses": [
        0.7862692536099961,
        0.5085016437070934,
        0.41217814356480775,
        0.340134425529916,
        0.2747874823398888,
        0.18877907352227913,
        0.16556234268079462,
        0.14763212347354152,
        0.13043586142655267,
        0.10942282174762927,
        0.08600704092072863,
        0.07365802537472184,
        0.07256606798986659,
        0.06351863645173389,
        0.055728593146532626,
        0.048518181776192874,
        0.03615556465535376,
        0.03498495318183957,
        0.03858049401299611,
        0.030906162947710408
    ],
    "train_accuracies": [
        68.40370751802266,
        81.00926879505664,
        83.95468589083418,
        87.35324407826982,
        90.03089598352214,
        92.9145211122554,
        93.96498455200823,
        94.74768280123584,
        95.40679711637488,
        96.18949536560247,
        97.05458290422246,
        97.2399588053553,
        97.19876416065911,
        97.85787847579815,
        98.14624098867148,
        98.37281153450051,
        98.64057672502575,
        98.88774459320288,
        98.76416065911431,
        98.99073120494336
    ],
    "val_losses": [
        0.5150347694202706,
        0.36501014398203957,
        0.2915873996637486,
        0.3327951530615489,
        0.27503536144892377,
        0.20518996207802384,
        0.20969342799098403,
        0.21765046401156318,
        0.21329132019093744,
        0.19944471369187036,
        0.19402347104968848,
        0.18624409686567056,
        0.16569531281237249,
        0.17326581802357127,
        0.18252080215003202,
        0.17267995758878965,
        0.18209709133952856,
        0.20850603494586217,
        0.20589423393485723,
        0.2058592304173443
    ],
    "val_accuracies": [
        80.7467911318553,
        86.58109684947492,
        89.26487747957994,
        86.8144690781797,
        90.08168028004667,
        92.76546091015169,
        92.76546091015169,
        92.76546091015169,
        93.46557759626604,
        94.39906651108518,
        95.33255542590432,
        95.33255542590432,
        95.21586931155193,
        95.21586931155193,
        95.21586931155193,
        95.91598599766628,
        95.79929988331389,
        96.26604434072345,
        95.68261376896149,
        95.09918319719954
    ],
    "learning_rates": [
        0.001,
        0.001,
        0.001,
        0.001,
        0.001,
        0.0005,
        0.0005,
        0.0005,
        0.0005,
        0.0005,
        0.00025,
        0.00025,
        0.00025,
        0.00025,
        0.00025,
        0.000125,
        0.000125,
        0.000125,
        0.000125,
        0.000125
    ],
    "best_val_acc": 96.26604434072345,
    "final_test_acc": 97.10144927536231,
    "test_loss": 0.12214652285627203,
    "train_val_gap": 2.7246868642199047,
    "val_test_gap": -0.8354049346388592,
    "epochs": 20,
    "early_stopped": false
}