{
    "model_name": "Version 4 - Optimized (Balanced Regularization)",
    "methodology": "Proper train/val/test split - test evaluated once",
    "train_losses": [
        0.795349629105706,
        0.4952686971151515,
        0.4009468893667585,
        0.3312503757739538,
        0.27701724315748405,
        0.1908749801008717,
        0.15691280389498724,
        0.14599634621194318,
        0.13059851860529498,
        0.10979165377916376,
        0.08990406449945447,
        0.07143300590044084,
        0.05817243344407823,
        0.06366098935311464,
        0.04998271653005902,
        0.04559201945123373,
        0.0412129323261692,
        0.03265184751485082,
        0.033611704821516084,
        0.03387333343026081
    ],
    "train_accuracies": [
        67.66220391349124,
        81.11225540679712,
        84.55200823892893,
        87.31204943357363,
        89.51596292481977,
        93.40885684860969,
        94.39752832131823,
        94.9330587023687,
        95.48918640576726,
        96.33367662203914,
        96.8692070030896,
        97.61071060762102,
        98.26982492276004,
        97.71369721936148,
        98.49639546858909,
        98.37281153450051,
        98.8259526261586,
        98.84654994850669,
        98.90834191555098,
        98.7847579814624
    ],
    "val_losses": [
        0.4454974653544249,
        0.38373071286413407,
        0.34468732829447146,
        0.3055930198342712,
        0.23272628999418682,
        0.20218054287963444,
        0.17591438732213444,
        0.17041826572407176,
        0.17489627921194942,
        0.16688677565091187,
        0.15907202419583444,
        0.14746310858538858,
        0.13693173491844424,
        0.15727544055078868,
        0.13659916518911444,
        0.15909192512777667,
        0.14279868043269273,
        0.15920904195970959,
        0.17539278193187244,
        0.16411672994770385
    ],
    "val_accuracies": [
        83.43057176196032,
        85.2975495915986,
        85.99766627771295,
        87.74795799299883,
        91.36522753792299,
        92.88214702450408,
        93.69894982497082,
        94.04900816802801,
        94.1656942823804,
        94.63243873978996,
        95.33255542590432,
        95.68261376896149,
        95.91598599766628,
        96.03267211201867,
        96.73278879813303,
        96.49941656942823,
        96.26604434072345,
        96.03267211201867,
        96.03267211201867,
        96.38273045507584
    ],
    "learning_rates": [
        0.001,
        0.001,
        0.001,
        0.001,
        0.001,
        0.0005,
        0.0005,
        0.0005,
        0.0005,
        0.0005,
        0.00025,
        0.00025,
        0.00025,
        0.00025,
        0.00025,
        0.000125,
        0.000125,
        0.000125,
        0.000125,
        0.000125
    ],
    "best_val_acc": 96.73278879813303,
    "final_test_acc": 98.093058733791,
    "test_loss": 0.09107348420401672,
    "train_val_gap": 2.0519691833293763,
    "val_test_gap": -1.3602699356579677,
    "epochs": 20,
    "early_stopped": false
}