{
    "model_name": "Version 4 - Optimized (Balanced Regularization)",
    "train_losses": [
        0.7244121209203198,
        0.4703147581169725,
        0.35866709940093855,
        0.29887472446903834,
        0.24473711852421307,
        0.1745271287733616,
        0.13842378623846024,
        0.1197128677168372,
        0.10349554473835995,
        0.09477397920199612,
        0.07632582089811689,
        0.054222369103499965,
        0.0521669768794653,
        0.040598715470151654,
        0.044645584840392535,
        0.03133447311900546,
        0.0313733052563146,
        0.024796559052299917,
        0.023505842740135008,
        0.028953745098805377
    ],
    "train_accuracies": [
        69.32773109243698,
        81.49509803921569,
        85.83683473389355,
        88.4453781512605,
        90.82633053221288,
        93.39985994397759,
        94.92296918767506,
        95.71078431372548,
        96.39355742296918,
        96.55112044817928,
        97.54901960784314,
        98.26680672268908,
        98.16176470588235,
        98.6344537815126,
        98.31932773109244,
        99.0546218487395,
        98.96708683473389,
        99.24719887955182,
        99.10714285714286,
        99.01960784313725
    ],
    "test_losses": [
        0.5484768370302712,
        0.43365304006218186,
        0.3369430900528664,
        0.2885014765282593,
        0.2420746444230445,
        0.14270767512753968,
        0.12083054940775605,
        0.20177351644762406,
        0.11033643468243365,
        0.07724247244896548,
        0.08431397833174276,
        0.08417816698619857,
        0.0836266787999903,
        0.05932820761225274,
        0.06015781205248304,
        0.0503951237772903,
        0.05161446736642907,
        0.05986666759377929,
        0.05337701450557189,
        0.04468160731113773
    ],
    "test_accuracies": [
        76.81159420289855,
        79.86270022883295,
        85.27841342486651,
        88.48207475209763,
        91.76201372997711,
        95.0419527078566,
        95.49961861174675,
        92.21967963386727,
        95.49961861174675,
        97.17772692601068,
        97.25400457665904,
        97.25400457665904,
        97.48283752860412,
        98.32189168573608,
        98.24561403508773,
        98.70327993897789,
        98.77955758962624,
        98.32189168573608,
        98.8558352402746,
        99.00839054157132
    ],
    "learning_rates": [
        0.001,
        0.001,
        0.001,
        0.001,
        0.001,
        0.0005,
        0.0005,
        0.0005,
        0.0005,
        0.0005,
        0.00025,
        0.00025,
        0.00025,
        0.00025,
        0.00025,
        0.000125,
        0.000125,
        0.000125,
        0.000125,
        0.000125
    ],
    "final_train_acc": 99.01960784313725,
    "final_test_acc": 99.00839054157132,
    "overfitting_gap": 0.011217301565935145,
    "best_test_acc": 99.00839054157132,
    "best_epoch": 20,
    "epochs": 20,
    "early_stopped": false
}