{
    "model_name": "ResNet50 Transfer Learning",
    "best_val_acc": 98.24970828471412,
    "final_test_acc": 98.55072463768116,
    "baseline_acc": 97.1,
    "train_accuracies": [
        76.97219361483008,
        82.45108135942327,
        83.70751802265706,
        85.14933058702368,
        85.70545829042224,
        87.55921730175078,
        92.21421215242019,
        94.02677651905252,
        95.2832131822863,
        95.3038105046344,
        94.9124613800206,
        96.31307929969104,
        96.99279093717817,
        97.87847579814624,
        98.16683831101956,
        98.4552008238929,
        98.10504634397529,
        98.33161688980432,
        98.90834191555098,
        98.8053553038105,
        98.88774459320288,
        98.76416065911431,
        99.01132852729145,
        99.07312049433574,
        99.01132852729145,
        98.88774459320288,
        99.21730175077239,
        99.23789907312049,
        99.44387229660144,
        99.21730175077239
    ],
    "val_accuracies": [
        82.03033838973163,
        84.36406067677946,
        87.63127187864644,
        88.2147024504084,
        89.26487747957994,
        92.41540256709452,
        94.04900816802801,
        94.39906651108518,
        95.21586931155193,
        95.91598599766628,
        96.38273045507584,
        96.84947491248542,
        96.14935822637106,
        97.54959159859976,
        97.89964994165695,
        97.19953325554259,
        97.78296382730456,
        97.89964994165695,
        97.78296382730456,
        97.66627771295217,
        97.66627771295217,
        97.78296382730456,
        97.89964994165695,
        98.01633605600934,
        98.24970828471412,
        98.24970828471412,
        98.24970828471412,
        98.13302217036173,
        98.01633605600934,
        98.13302217036173
    ],
    "train_losses": [
        0.6011127598928988,
        0.46463087342917364,
        0.4385423256796003,
        0.40314435870468185,
        0.3870944804315341,
        0.32766188136335506,
        0.2160677426982859,
        0.1676518011074724,
        0.13592521842457853,
        0.12843350056639416,
        0.1359994731651644,
        0.09777370640043127,
        0.08239960606285705,
        0.06767032545762008,
        0.05541045227261638,
        0.04861403873284279,
        0.05405510105077565,
        0.04833915905929127,
        0.03749109330394303,
        0.03711132241948196,
        0.032552439841536766,
        0.033468831896428956,
        0.02941682922829376,
        0.027258671495591576,
        0.029905955765077923,
        0.030711434102481967,
        0.021626616235204756,
        0.02303423567163834,
        0.020421933827933256,
        0.024275747216263466
    ],
    "val_losses": [
        0.4866267898258,
        0.378398591780746,
        0.3218623650289611,
        0.29652242491167374,
        0.2969339968617071,
        0.1918025111025384,
        0.15194555190299466,
        0.143433940000267,
        0.11934522959287414,
        0.11094100096957409,
        0.12374911821570113,
        0.09208034450142637,
        0.09980423951927951,
        0.0817530326275731,
        0.07080910819970601,
        0.0914595167792664,
        0.06902125349122697,
        0.06868626078201703,
        0.08511996345731453,
        0.08052362458152282,
        0.06863178123253785,
        0.06897598172917249,
        0.06606292178639175,
        0.06319913476740327,
        0.0653017826439202,
        0.06660179294810968,
        0.06299084080698332,
        0.06490642364411815,
        0.060846411065571225,
        0.06059859350514941
    ]
}