{
    "model_name": "ResNet50 Transfer Learning",
    "best_val_acc": 98.24970828471412,
    "final_test_acc": 98.4744469870328,
    "train_accuracies": [
        77.59011328527292,
        81.68898043254377,
        83.95468589083418,
        84.63439752832132,
        85.43769309989702,
        89.0216271884655,
        92.173017507724,
        94.29454170957776,
        95.3038105046344,
        95.75695159629248,
        95.2832131822863,
        96.68383110195674,
        97.15756951596292,
        98.02265705458291,
        97.98146240988672,
        98.0844490216272,
        98.24922760041194,
        98.51699279093718,
        98.35221421215242,
        98.7847579814624,
        98.74356333676621,
        98.97013388259526,
        99.13491246138003,
        99.07312049433574,
        99.34088568486096,
        99.34088568486096,
        99.05252317198764,
        99.29969104016477,
        99.46446961894954,
        99.27909371781668
    ],
    "val_accuracies": [
        86.93115519253209,
        85.2975495915986,
        88.098016336056,
        88.2147024504084,
        88.68144690781797,
        92.41540256709452,
        94.04900816802801,
        94.39906651108518,
        96.03267211201867,
        96.03267211201867,
        95.79929988331389,
        95.79929988331389,
        96.84947491248542,
        97.43290548424737,
        97.0828471411902,
        97.54959159859976,
        97.54959159859976,
        97.66627771295217,
        97.54959159859976,
        97.54959159859976,
        97.78296382730456,
        98.01633605600934,
        97.89964994165695,
        97.78296382730456,
        98.24970828471412,
        98.01633605600934,
        98.13302217036173,
        97.89964994165695,
        98.13302217036173,
        98.24970828471412
    ],
    "train_losses": [
        0.5968881133042206,
        0.46957002647382223,
        0.4231954786730844,
        0.4108057343075867,
        0.3955555663049896,
        0.3173070396625664,
        0.20874893333528854,
        0.165586496468338,
        0.1399316975557227,
        0.12205284730935072,
        0.1293674426423779,
        0.09293450833625332,
        0.07792895865520169,
        0.058896349716536414,
        0.060282154696639605,
        0.05585348281575833,
        0.050244035983091774,
        0.0508231141805902,
        0.044536900317754854,
        0.04011233586791124,
        0.03716397821600141,
        0.02962078985927893,
        0.027171707798628066,
        0.02612386448299234,
        0.022926975293257625,
        0.02285210944474296,
        0.024406920660413747,
        0.02570400425721148,
        0.020464554298995206,
        0.02269055576329374
    ],
    "val_losses": [
        0.3677765815372089,
        0.3722186474218669,
        0.3114756923364508,
        0.3069744379093377,
        0.2930408673428321,
        0.20269971844265314,
        0.16192955077737745,
        0.15566380146364905,
        0.1127583517355012,
        0.10728033857209263,
        0.10920076122640034,
        0.1118861201068206,
        0.10319735574054607,
        0.08245527732121903,
        0.08114028987208492,
        0.0796186246212611,
        0.0792556413413485,
        0.07087817925486013,
        0.08212376454608165,
        0.07313411075148031,
        0.06921280946586902,
        0.06793714432065379,
        0.06357417216517962,
        0.06636071822398462,
        0.05799404377837165,
        0.06398088859704996,
        0.059293381043882605,
        0.061713986959451836,
        0.05814105821740808,
        0.05743233362254073
    ]
}