{
    "model_name": "Version 5 - Transfer Learning (EfficientNet-B0)",
    "best_val_acc": 96.49941656942823,
    "final_test_acc": 95.34706331045004,
    "train_accuracies": [
        79.91761071060762,
        86.09680741503604,
        87.20906282183316,
        87.60041194644697,
        87.72399588053553,
        89.66014418125644,
        91.08135942327498,
        91.86405767250257,
        92.66735324407827,
        93.51184346035015,
        94.25334706488157,
        94.4799176107106,
        94.99485066941298,
        95.05664263645725,
        95.6745623069001,
        95.48918640576726,
        95.53038105046343,
        95.53038105046343,
        95.81874356333677,
        96.41606591143152
    ],
    "val_accuracies": [
        88.3313885647608,
        88.2147024504084,
        89.14819136522753,
        88.68144690781797,
        89.49824970828472,
        90.89848308051342,
        92.76546091015169,
        93.11551925320887,
        93.93232205367562,
        94.51575262543757,
        94.86581096849476,
        95.33255542590432,
        95.68261376896149,
        95.79929988331389,
        95.33255542590432,
        95.91598599766628,
        95.79929988331389,
        95.79929988331389,
        96.14935822637106,
        96.49941656942823
    ],
    "train_losses": [
        0.6343201530397122,
        0.413010495213598,
        0.37503115856438785,
        0.3484397915377062,
        0.3512170442469211,
        0.2894025601699841,
        0.26019729110043033,
        0.23320451229657252,
        0.2035957743913457,
        0.18205174643519487,
        0.16353441446743344,
        0.1554651996625317,
        0.14393964552240932,
        0.14344209298629593,
        0.13001171317638255,
        0.12961910930217602,
        0.13026410402954544,
        0.12563129172542437,
        0.12496005157670573,
        0.11099900343636651
    ],
    "val_losses": [
        0.4095541777452204,
        0.35565382245680277,
        0.30672055451566727,
        0.29734283397050276,
        0.27480374664381196,
        0.24053876986998798,
        0.2053183722315202,
        0.19491005382014823,
        0.1764186059093253,
        0.15541918622710185,
        0.15245391666680538,
        0.13920190109672456,
        0.1354037029809963,
        0.12674678112689922,
        0.13140943649908488,
        0.125359077906386,
        0.11721784864033952,
        0.12008304055888845,
        0.11160905509665521,
        0.11385566189172248
    ],
    "total_epochs": 20
}