{
    "model_name": "Version 5 Improved - Transfer Learning (EfficientNet-B0)",
    "best_val_acc": 95.33255542590432,
    "final_test_acc": 95.4233409610984,
    "train_accuracies": [
        78.16683831101956,
        84.05767250257466,
        85.33470648815654,
        85.1081359423275,
        86.87950566426365,
        86.38516992790937,
        87.0648815653965,
        88.2183316168898,
        89.53656024716787,
        89.72193614830073,
        89.33058702368692,
        91.10195674562307,
        91.82286302780639,
        92.85272914521113,
        92.74974253347065,
        92.95571575695159,
        93.55303810504634,
        93.98558187435633,
        94.5005149330587,
        94.66529351184346,
        94.95365602471679,
        94.76828012358393,
        95.03604531410916,
        94.64469618949536,
        95.13903192584964,
        94.87126673532441,
        94.97425334706489,
        95.3038105046344,
        95.77754891864058,
        95.24201853759011
    ],
    "val_accuracies": [
        88.44807467911319,
        87.63127187864644,
        88.91481913652275,
        89.14819136522753,
        89.49824970828472,
        88.79813302217036,
        90.08168028004667,
        91.48191365227538,
        90.78179696616102,
        90.89848308051342,
        92.41540256709452,
        93.23220536756126,
        93.23220536756126,
        92.76546091015169,
        93.34889148191365,
        93.81563593932322,
        93.93232205367562,
        93.58226371061843,
        94.28238039673279,
        94.74912485414235,
        95.33255542590432,
        94.63243873978996,
        94.86581096849476,
        94.86581096849476,
        95.09918319719954,
        95.21586931155193,
        94.98249708284715,
        95.33255542590432,
        95.33255542590432,
        95.33255542590432
    ],
    "train_losses": [
        0.5906399208166081,
        0.43547692099388546,
        0.39432761929430504,
        0.39136994748110626,
        0.3559411444268683,
        0.36013651431282073,
        0.33789185079929146,
        0.3126724448189308,
        0.2843210779030709,
        0.26675468982186795,
        0.2734684830130558,
        0.2355799889205413,
        0.2140169643349063,
        0.20070388189427762,
        0.20157506116325405,
        0.18462749163166503,
        0.1763323732127122,
        0.17019412896598773,
        0.1502607329559621,
        0.14470392575623692,
        0.1373849954360177,
        0.1385980762380159,
        0.13401691609596494,
        0.1418741173835051,
        0.13184098251601326,
        0.13339587829539018,
        0.13075064977153322,
        0.12870872580243925,
        0.12016851642964184,
        0.12259314155050705
    ],
    "val_losses": [
        0.35347489433639107,
        0.34574812448984543,
        0.30704544288135605,
        0.2982918460143767,
        0.2925905765772144,
        0.3101056690741865,
        0.26934334315802977,
        0.23808933382412656,
        0.24895213813876327,
        0.24385482664008123,
        0.22256916208473082,
        0.19418333305639313,
        0.17293001932190902,
        0.17466507266115835,
        0.17502756741945497,
        0.16070610142227093,
        0.16380972115272957,
        0.15907201720369044,
        0.1533416900501229,
        0.14611858685904094,
        0.13985192184548395,
        0.13999171368995098,
        0.13637185854839473,
        0.1397198623996076,
        0.13357022602889196,
        0.13478917850218408,
        0.13209671971400117,
        0.12687645617833354,
        0.128829211240054,
        0.12850275717440954
    ],
    "total_epochs": 30,
    "training_phases": [
        {
            "name": "Phase 1: Classifier Only",
            "blocks": 0,
            "epochs": 5,
            "lr_features": 0,
            "lr_classifier": 0.001
        },
        {
            "name": "Phase 2: Last 2 Blocks",
            "blocks": 2,
            "epochs": 5,
            "lr_features": 5e-05,
            "lr_classifier": 0.0005
        },
        {
            "name": "Phase 3: Last 4 Blocks",
            "blocks": 4,
            "epochs": 5,
            "lr_features": 3e-05,
            "lr_classifier": 0.0003
        },
        {
            "name": "Phase 4: Full Fine-tuning",
            "blocks": 100,
            "epochs": 15,
            "lr_features": 1e-05,
            "lr_classifier": 0.0001
        }
    ]
}