{
    "model_name": "resnet18 Transfer Learning",
    "best_val_acc": 96.96616102683781,
    "final_test_acc": 97.25400457665904,
    "baseline_acc": 97.1,
    "train_accuracies": [
        72.68795056642637,
        79.21730175077239,
        79.95880535530381,
        81.35942327497425,
        81.25643666323379,
        85.62306900102986,
        89.22760041194644,
        92.1524201853759,
        92.68795056642637,
        93.7590113285273,
        93.12049433573635,
        94.27394438722966,
        95.38619979402678,
        95.53038105046343,
        96.10710607621009,
        96.02471678681772,
        96.02471678681772,
        96.45726055612771,
        96.68383110195674,
        97.05458290422246,
        97.07518022657055,
        96.99279093717817,
        97.52832131822863,
        97.30175077239959,
        97.61071060762102,
        97.79608650875386,
        97.77548918640576,
        97.77548918640576,
        97.75489186405767,
        97.30175077239959
    ],
    "val_accuracies": [
        82.3803967327888,
        85.06417736289382,
        86.46441073512253,
        85.99766627771295,
        86.46441073512253,
        89.7316219369895,
        92.76546091015169,
        93.58226371061843,
        93.11551925320887,
        93.81563593932322,
        94.39906651108518,
        94.51575262543757,
        95.09918319719954,
        95.79929988331389,
        95.91598599766628,
        96.14935822637106,
        95.91598599766628,
        96.03267211201867,
        96.49941656942823,
        96.96616102683781,
        96.26604434072345,
        96.73278879813303,
        96.73278879813303,
        96.73278879813303,
        96.61610268378062,
        96.61610268378062,
        96.84947491248542,
        96.96616102683781,
        96.73278879813303,
        96.96616102683781
    ],
    "train_losses": [
        0.6986337915385175,
        0.5480528624001296,
        0.5211979488756826,
        0.4907961250947506,
        0.488662977751448,
        0.38589327259854356,
        0.28397860027673194,
        0.22539964734464424,
        0.19712283075485,
        0.17845213123195325,
        0.18686986321892232,
        0.15941576605967708,
        0.13109219756541365,
        0.1300688515301222,
        0.11650155958758876,
        0.11384952788679534,
        0.10667661972013978,
        0.09995525857216912,
        0.09521434600901407,
        0.08204225577743979,
        0.0841222117723078,
        0.08103361987383187,
        0.07439440874235147,
        0.07821804343058078,
        0.06695447081640502,
        0.06511365886850534,
        0.06548201402248364,
        0.06861016903068759,
        0.06608659400691946,
        0.06695920164350623
    ],
    "val_losses": [
        0.4579079586190966,
        0.4093435036329294,
        0.3669316757518185,
        0.38666276614613126,
        0.3749214217779656,
        0.2813054628870173,
        0.19873774121216603,
        0.1736202095151643,
        0.17656158813239534,
        0.1640295882729972,
        0.1432830170840199,
        0.15222748639355463,
        0.12330067036032259,
        0.12191718561159688,
        0.1123259184553854,
        0.11778343548018011,
        0.1147943851445631,
        0.11203554830793183,
        0.09778888083672718,
        0.10141923255096934,
        0.10355138804767902,
        0.09931473063615824,
        0.1003533949512584,
        0.09725971657308981,
        0.09465262377276025,
        0.09213339658225848,
        0.09529684689178489,
        0.08792782014142396,
        0.09077462757412723,
        0.09033444589884167
    ],
    "total_epochs": 30,
    "training_phases": [
        {
            "name": "Phase 1: Train FC Only",
            "phase": 1,
            "epochs": 5,
            "lr_backbone": 0,
            "lr_fc": 0.001
        },
        {
            "name": "Phase 2: Unfreeze Layer4",
            "phase": 2,
            "epochs": 5,
            "lr_backbone": 5e-05,
            "lr_fc": 0.0005
        },
        {
            "name": "Phase 3: Unfreeze Layer3-4",
            "phase": 3,
            "epochs": 5,
            "lr_backbone": 3e-05,
            "lr_fc": 0.0003
        },
        {
            "name": "Phase 4: Full Fine-tuning",
            "phase": 4,
            "epochs": 15,
            "lr_backbone": 1e-05,
            "lr_fc": 0.0001
        }
    ]
}