{
    "model_name": "Version 3 - Advanced with Regularization",
    "methodology": "Proper train/val/test split - test evaluated once",
    "train_losses": [
        1.176657609249416,
        0.8542832159682324,
        0.7248796252043623,
        0.6767026278141298,
        0.5963656508216733,
        0.5599241225343001,
        0.5297587785477701,
        0.4997582214051171,
        0.47094989803276566,
        0.46700976445878806,
        0.41946709754043504,
        0.3984575869613572,
        0.3936033788088121,
        0.3773361378790517,
        0.3720026674043191
    ],
    "train_accuracies": [
        45.60247167868177,
        65.04634397528321,
        70.5664263645726,
        72.58496395468589,
        76.02471678681772,
        77.71369721936148,
        79.32028836251287,
        81.07106076210093,
        82.20391349124614,
        81.87435633367662,
        84.01647785787847,
        84.65499485066941,
        85.35530381050464,
        85.84963954685891,
        86.46755921730175
    ],
    "val_losses": [
        0.8384303075295908,
        0.6655710913516857,
        0.5392150779565176,
        0.534881305915338,
        0.5169635172243472,
        0.4305020797031897,
        0.4039066318008635,
        0.37922585396854963,
        0.3398783604303996,
        0.34768335466031675,
        0.330274711880419,
        0.3272577507628335,
        0.30388976716332966,
        0.3148468829415463,
        0.32430949641598594
    ],
    "val_accuracies": [
        70.01166861143524,
        76.31271878646442,
        78.99649941656943,
        78.52975495915986,
        81.21353558926488,
        84.48074679113185,
        86.34772462077012,
        86.93115519253209,
        88.098016336056,
        87.04784130688448,
        87.63127187864644,
        87.74795799299883,
        88.56476079346558,
        87.98133022170362,
        87.39789964994166
    ],
    "learning_rates": [
        0.001,
        0.001,
        0.001,
        0.001,
        0.001,
        0.0005,
        0.0005,
        0.0005,
        0.0005,
        0.0005,
        0.00025,
        0.00025,
        0.00025,
        0.00025,
        0.00025
    ],
    "best_val_acc": 88.56476079346558,
    "final_test_acc": 82.83752860411899,
    "test_loss": 0.3949666717884744,
    "train_val_gap": -2.097201576163826,
    "val_test_gap": 5.727232189346594,
    "epochs": 15
}